[{"Salaire":"40000","ID_NOM":"jean","dette_anterieure":"4000","apport":"0.3","contrat_de_travail":"CDI","enfant_a_Charge":"3","etat_civile":"M","Solvable":"OUI","age":"45","Niv_Etude_Bac":"3"},{"Salaire":"30500","ID_NOM":"VANESSA","dette_anterieure":"1320","apport":"0.1","contrat_de_travail":"CDI","enfant_a_Charge":"0","etat_civile":"M","Solvable":"OUI","age":"28","Niv_Etude_Bac":"5"},{"Salaire":"28000","ID_NOM":"TARCISSE","dette_anterieure":"40000","apport":"0.0","contrat_de_travail":"CDI","enfant_a_Charge":"0","etat_civile":"C","Solvable":"NON","age":"55","Niv_Etude_Bac":"0"},{"Salaire":"15000","ID_NOM":"TIBAULT","dette_anterieure":"0","apport":"0.1","contrat_de_travail":"CDD","enfant_a_Charge":"","etat_civile":"M","Solvable":"OUI","age":"23","Niv_Etude_Bac":"4"},{"Salaire":"27000","ID_NOM":"GILES","dette_anterieure":"3000","apport":"0.1","contrat_de_travail":"CDD","enfant_a_Charge":"2","etat_civile":"C","Solvable":"NON","age":"33","Niv_Etude_Bac":"0"},{"Salaire":"40000","ID_NOM":"ETHAN","dette_anterieure":"1000","apport":"0.0","contrat_de_travail":"INTERIM","enfant_a_Charge":"4","etat_civile":"M","Solvable":"NON","age":"41","Niv_Etude_Bac":"0"},{"Salaire":"50000","ID_NOM":"LILIANE","dette_anterieure":"3000","apport":"0.0","contrat_de_travail":"CDI","enfant_a_Charge":"0","etat_civile":"C","Solvable":"NON","age":"29","Niv_Etude_Bac":"-1"},{"Salaire":"29000","ID_NOM":"GLODI","dette_anterieure":"5000","apport":"0.0","contrat_de_travail":"INTERIM","enfant_a_Charge":"0","etat_civile":"C","Solvable":"NON","age":"24","Niv_Etude_Bac":"-3"},{"Salaire":"44000","ID_NOM":"FLORIANE","dette_anterieure":"0","apport":"0.1","contrat_de_travail":"CDI","enfant_a_Charge":"1","etat_civile":"M","Solvable":"OUI","age":"26","Niv_Etude_Bac":""},{"Salaire":"45800","ID_NOM":"MARIE","dette_anterieure":"2000","apport":"0.2","contrat_de_travail":"CDI","enfant_a_Charge":"2","etat_civile":"M","Solvable":"OUI","age":"37","Niv_Etude_Bac":"3"},{"Salaire":"60000","ID_NOM":"BAKAMBU","dette_anterieure":"1500","apport":"0.3","contrat_de_travail":"CDI","enfant_a_Charge":"3","etat_civile":"M","Solvable":"OUI","age":"40","Niv_Etude_Bac":"2"},{"Salaire":"26000","ID_NOM":"FATOU","dette_anterieure":"8000","apport":"0.4","contrat_de_travail":"CDD","enfant_a_Charge":"0","etat_civile":"C","Solvable":"NON","age":"38","Niv_Etude_Bac":"0"},{"Salaire":"29000","ID_NOM":"WUAN","dette_anterieure":"4900","apport":"0.0","contrat_de_travail":"INTERIM","enfant_a_Charge":"1","etat_civile":"M","Solvable":"NON","age":"39","Niv_Etude_Bac":"-3"},{"Salaire":"43000","ID_NOM":"HUGO","dette_anterieure":"100000","apport":"0.2","contrat_de_travail":"CDI","enfant_a_Charge":"2","etat_civile":"M","Solvable":"NON","age":"31","Niv_Etude_Bac":"0"},{"Salaire":"45000","ID_NOM":"JOSEPH","dette_anterieure":"17000","apport":"0.3","contrat_de_travail":"CDD","enfant_a_Charge":"0","etat_civile":"C","Solvable":"NON","age":"70","Niv_Etude_Bac":"1"},{"Salaire":"70000","ID_NOM":"DIANE","dette_anterieure":"26000","apport":"0.2","contrat_de_travail":"ENTRPRENEUR","enfant_a_Charge":"0","etat_civile":"M","Solvable":"NON","age":"42","Niv_Etude_Bac":"0"},{"Salaire":"80000","ID_NOM":"FENG","dette_anterieure":"8000","apport":"0.0","contrat_de_travail":"CDI","enfant_a_Charge":"3","etat_civile":"M","Solvable":"OUI","age":"46","Niv_Etude_Bac":"8"},{"Salaire":"100000","ID_NOM":"FRICHET","dette_anterieure":"0","apport":"0.3","contrat_de_travail":"CDI","enfant_a_Charge":"1","etat_civile":"M","Solvable":"OUI","age":"23","Niv_Etude_Bac":"3"},{"Salaire":"21000","ID_NOM":"HOLLANDE","dette_anterieure":"1200","apport":"0.1","contrat_de_travail":"CDI","enfant_a_Charge":"2","etat_civile":"M","Solvable":"OUI","age":"32","Niv_Etude_Bac":"4"}]